region,Technology,Resource_Type,Existing_Cap_MW,Cap_Size,CapRes,Commit,cluster,Down_Time,DR,Eff_Down,Eff_Up,ESR_1,ESR_2,ESR_3,Existing_Cap_MWh,Existing_Charge_Cap_MW,Fixed_OM_Cost_Charge_per_MWyr,Fixed_OM_Cost_per_MWhyr,Fixed_OM_Cost_per_MWyr,Fuel,Heat_Rate_MMBTU_per_MWh,HYDRO,Hydro_Energy_to_Power_Ratio,Hydro_level,Inv_Cost_Charge_per_MWyr,Inv_Cost_per_MWhyr,Inv_Cost_per_MWyr,LDS,MaxCapTag,MaxCapTag_1,MaxCapTag_2,MinCapTag,MinCapTag_1,Max_Cap_MW,Max_Cap_MWh,Max_Charge_Cap_MW,Max_Duration,Min_Cap_MW,Min_Cap_MWh,Min_Charge_Cap_MW,Min_Duration,Max_Flexible_Demand_Advance,Max_Flexible_Demand_Delay,Flexible_Demand_Energy_Eff,Min_Power,MUST_RUN,New_Build,Num_VRE_Bins,plant_inv_cost_mwyr,Ramp_Dn_Percentage,Ramp_Up_Percentage,Ratio_power_to_energy,Reg_Cost,Reg_Max,Rsv_Max,Resource,RPS,Rsv_Cost,Self_Disch,Start_Cost_per_MW,Start_Fuel_MMBTU_per_MW,STOR,THERM,Up_Time,Var_OM_Cost_per_MWh,Var_OM_Cost_per_MWh_In,VRE,Zone,FLEX,RETRO
TX,Biomass,Biomass,69,1.559,0.9,1,1,1,0,1,1,0,0,0,0,0,0,0,158822.98,None,13.899,0,0,0,0,0,0,0,0,0,0,0,0,-1,-1,-1,0,0,0,0,0,0,0,0,0.582,0,0,0,0,1,1,1,0,0.3,0.3,biomass,0,0,0,0,0,0,1,1,5.20142,0,0,1,0,0
TX_W,Conventional Steam Coal,Conventional Steam Coal,460,200,0.9,1,1,24,0,1,1,0,0,0,0,0,0,0,66305.41574,coal,10.878,0,0,0,0,0,0,0,0,0,0,0,0,0,-1,-1,0,0,0,0,0,0,0,0,0.31,0,2,0,0,0.57,0.57,1,0,0.3,0.3,conventional_steam_coal_1,0,0,0,120,16.5,0,1,24,1.93238,0,0,1,0,0
TX_W,Conventional Steam Coal,Conventional Steam Coal,566,200,0.9,1,2,24,0,1,1,0,0,0,0,0,0,0,66305.41574,coal,10.878,0,0,0,0,0,0,0,0,0,0,0,0,0,-1,-1,0,0,0,0,0,0,0,0,0.31,0,2,0,0,0.57,0.57,1,0,0.3,0.3,conventional_steam_coal_2,0,0,0,120,16.5,0,1,24,1.93238,0,0,1,0,0
TX_W,Conventional Steam Coal,Conventional Steam Coal,878,200,0.9,1,3,24,0,1,1,0,0,0,0,0,0,0,66305.41574,coal,9.572,0,0,0,0,0,0,0,0,0,0,0,0,0,-1,-1,0,0,0,0,0,0,0,0,0.31,0,2,0,0,0.57,0.57,1,0,0.3,0.3,conventional_steam_coal_3,0,0,0,120,16.5,0,1,24,1.93238,0,0,1,0,0
TX_FW,Conventional Steam Coal,Conventional Steam Coal,893,200,0.9,1,4,24,0,1,1,0,0,0,0,0,0,0,66305.41574,coal,10.878,0,0,0,0,0,0,0,0,0,0,0,0,0,-1,-1,0,0,0,0,0,0,0,0,0.31,0,2,0,0,0.57,0.57,1,0,0.3,0.3,conventional_steam_coal_4,0,0,0,120,16.5,0,1,24,1.93238,0,0,1,0,0
TX_FW,Conventional Steam Coal,Conventional Steam Coal,957,200,0.9,1,5,24,0,1,1,0,0,0,0,0,0,0,66305.41574,coal,10.878,0,0,0,0,0,0,0,0,0,0,0,0,0,-1,-1,0,0,0,0,0,0,0,0,0.31,0,2,0,0,0.57,0.57,1,0,0.3,0.3,conventional_steam_coal_5,0,0,0,120,16.5,0,1,24,1.93238,0,0,1,0,0
TX_FW,Conventional Steam Coal,Conventional Steam Coal,174.6,200,0.9,1,6,24,0,1,1,0,0,0,0,0,0,0,66305.41574,coal,12.618,0,0,0,0,0,0,0,0,0,0,0,0,0,-1,-1,0,0,0,0,0,0,0,0,0.31,0,2,0,0,0.57,0.57,1,0,0.3,0.3,conventional_steam_coal_6,0,0,0,120,16.5,0,1,24,1.93238,0,0,1,0,0
TX_FW,Conventional Steam Coal,Conventional Steam Coal,174.6,200,0.9,1,7,24,0,1,1,0,0,0,0,0,0,0,66305.41574,coal,12.618,0,0,0,0,0,0,0,0,0,0,0,0,0,-1,-1,0,0,0,0,0,0,0,0,0.31,0,2,0,0,0.57,0.57,1,0,0.3,0.3,conventional_steam_coal_7,0,0,0,120,16.5,0,1,24,1.93238,0,0,1,0,0
TX_FW,Conventional Steam Coal,Conventional Steam Coal,916.8,200,0.9,1,8,24,0,1,1,0,0,0,0,0,0,0,66305.41574,coal,9.25,0,0,0,0,0,0,0,0,0,0,0,0,0,-1,-1,0,0,0,0,0,0,0,0,0.31,0,2,0,0,0.57,0.57,1,0,0.3,0.3,conventional_steam_coal_8,0,0,0,120,16.5,0,1,24,1.93238,0,0,1,0,0
TX_FW,Conventional Steam Coal,Conventional Steam Coal,878.6,200,0.9,1,9,24,0,1,1,0,0,0,0,0,0,0,66305.41574,coal,9.25,0,0,0,0,0,0,0,0,0,0,0,0,0,-1,-1,0,0,0,0,0,0,0,0,0.31,0,2,0,0,0.57,0.57,1,0,0.3,0.3,conventional_steam_coal_9,0,0,0,120,16.5,0,1,24,1.93238,0,0,1,0,0
TX_NC,Conventional Steam Coal,Conventional Steam Coal,614.6,200,0.9,1,10,24,0,1,1,0,0,0,0,0,0,0,66305.41574,coal,17.155,0,0,0,0,0,0,0,0,0,0,0,0,0,-1,-1,0,0,0,0,0,0,0,0,0.31,0,2,0,0,0.57,0.57,1,0,0.3,0.3,conventional_steam_coal_10,0,0,0,120,16.5,0,1,24,1.93238,0,0,1,0,0
TX_W,Conventional Steam Coal,Conventional Steam Coal,410,200,0.9,1,11,24,0,1,1,0,0,0,0,0,0,0,66305.41574,coal,11.748,0,0,0,0,0,0,0,0,0,0,0,0,0,-1,-1,0,0,0,0,0,0,0,0,0.31,0,2,0,0,0.57,0.57,1,0,0.3,0.3,conventional_steam_coal_11,0,0,0,120,16.5,0,1,24,1.93238,0,0,1,0,0
TX_FW,Conventional Steam Coal,Conventional Steam Coal,1008,200,0.9,1,12,24,0,1,1,0,0,0,0,0,0,0,66305.41574,coal,8.409,0,0,0,0,0,0,0,0,0,0,0,0,0,-1,-1,0,0,0,0,0,0,0,0,0.31,0,2,0,0,0.57,0.57,1,0,0.3,0.3,conventional_steam_coal_12,0,0,0,120,16.5,0,1,24,1.93238,0,0,1,0,0
TX,Natural Gas Fired Combined Cycle,Natural Gas Fired Combined Cycle,780,260.033,0.9,1,1,6,0,1,1,0,0,0,0,0,0,0,16961.06,NG,11.348,0,0,0,0,0,0,0,0,0,0,0,0,-1,-1,-1,0,0,0,0,0,0,0,0,0.58,0,0,0,0,0.64,0.64,1,0,0.3,0.3,natural_gas_fired_combined_cycle,0,0,0,89,2,0,1,6,4.6799,0,0,1,0,0
TX,Natural Gas Fired Combined Cycle,Natural Gas Fired Combined Cycle,2121,530.25,0.9,1,2,6,0,1,1,0,0,0,0,0,0,0,10065.76,NG,10.408,0,0,0,0,0,0,0,0,0,0,0,0,-1,-1,-1,0,0,0,0,0,0,0,0,0.645,0,0,0,0,0.64,0.64,1,0,0.3,0.3,natural_gas_fired_combined_cycle_1,0,0,0,89,2,0,1,6,3.71424,0,0,1,0,0
TX,Natural Gas Fired Combined Cycle,Natural Gas Fired Combined Cycle,4644,663.429,0.9,1,3,6,0,1,1,0,0,0,0,0,0,0,10065.76,NG,7.196,0,0,0,0,0,0,0,0,0,0,0,0,-1,-1,-1,0,0,0,0,0,0,0,0,0.457,0,0,0,0,0.64,0.64,1,0,0.3,0.3,natural_gas_fired_combined_cycle_2,0,0,0,89,2,0,1,6,3.71424,0,0,1,0,0
TX,Natural Gas Fired Combined Cycle,Natural Gas Fired Combined Cycle,746,248.567,0.9,1,4,6,0,1,1,0,0,0,0,0,0,0,16961.06,NG,9.014,0,0,0,0,0,0,0,0,0,0,0,0,-1,-1,-1,0,0,0,0,0,0,0,0,0.461,0,0,0,0,0.64,0.64,1,0,0.3,0.3,natural_gas_fired_combined_cycle_3,0,0,0,89,2,0,1,6,4.6799,0,0,1,0,0
TX,Natural Gas Fired Combined Cycle,Natural Gas Fired Combined Cycle,704,234.633,0.9,1,5,6,0,1,1,0,0,0,0,0,0,0,16961.06,NG,13.504,0,0,0,0,0,0,0,0,0,0,0,0,-1,-1,-1,0,0,0,0,0,0,0,0,0.397,0,0,0,0,0.64,0.64,1,0,0.3,0.3,natural_gas_fired_combined_cycle_4,0,0,0,89,2,0,1,6,4.6799,0,0,1,0,0
TX,Natural Gas Fired Combined Cycle,Natural Gas Fired Combined Cycle,4029,402.9,0.9,1,6,6,0,1,1,0,0,0,0,0,0,0,12682.9,NG,7.659,0,0,0,0,0,0,0,0,0,0,0,0,-1,-1,-1,0,0,0,0,0,0,0,0,0.468,0,0,0,0,0.64,0.64,1,0,0.3,0.3,natural_gas_fired_combined_cycle_5,0,0,0,89,2,0,1,6,3.65912,0,0,1,0,0
TX,Natural Gas Fired Combined Cycle,Natural Gas Fired Combined Cycle,1740,435.075,0.9,1,7,6,0,1,1,0,0,0,0,0,0,0,10065.76,NG,11.897,0,0,0,0,0,0,0,0,0,0,0,0,-1,-1,-1,0,0,0,0,0,0,0,0,0.552,0,0,0,0,0.64,0.64,1,0,0.3,0.3,natural_gas_fired_combined_cycle_6,0,0,0,89,2,0,1,6,3.71424,0,0,1,0,0
TX,Natural Gas Fired Combined Cycle,Natural Gas Fired Combined Cycle,1031,257.75,0.9,1,8,6,0,1,1,0,0,0,0,0,0,0,16961.06,NG,7.948,0,0,0,0,0,0,0,0,0,0,0,0,-1,-1,-1,0,0,0,0,0,0,0,0,0.587,0,0,0,0,0.64,0.64,1,0,0.3,0.3,natural_gas_fired_combined_cycle_7,0,0,0,89,2,0,1,6,4.6799,0,0,1,0,0
TX,Natural Gas Fired Combined Cycle,Natural Gas Fired Combined Cycle,8056,735.471,0.9,1,9,6,0,1,1,0,0,0,0,0,0,0,12682.9,NG,7.193,0,0,0,0,0,0,0,0,0,0,0,0,-1,-1,-1,0,0,0,0,0,0,0,0,0.454,0,0,0,0,0.64,0.64,1,0,0.3,0.3,natural_gas_fired_combined_cycle_8,0,0,0,89,2,0,1,6,3.65912,0,0,1,0,0
TX,Natural Gas Fired Combined Cycle,Natural Gas Fired Combined Cycle,532,266.1,0.9,1,10,6,0,1,1,0,0,0,0,0,0,0,10065.76,NG,8.623,0,0,0,0,0,0,0,0,0,0,0,0,-1,-1,-1,0,0,0,0,0,0,0,0,0.631,0,0,0,0,0.64,0.64,1,0,0.3,0.3,natural_gas_fired_combined_cycle_9,0,0,0,89,2,0,1,6,3.71424,0,0,1,0,0
TX,Natural Gas Fired Combined Cycle,Natural Gas Fired Combined Cycle,237,118.5,0.9,1,11,6,0,1,1,0,0,0,0,0,0,0,16961.06,NG,10.759,0,0,0,0,0,0,0,0,0,0,0,0,-1,-1,-1,0,0,0,0,0,0,0,0,0.458,0,0,0,0,0.64,0.64,1,0,0.3,0.3,natural_gas_fired_combined_cycle_10,0,0,0,89,2,0,1,6,4.6799,0,0,1,0,0
TX,Natural Gas Fired Combined Cycle,Natural Gas Fired Combined Cycle,1188,1188,0.9,1,12,6,0,1,1,0,0,0,0,0,0,0,12682.9,NG,10.699,0,0,0,0,0,0,0,0,0,0,0,0,-1,-1,-1,0,0,0,0,0,0,0,0,0.455,0,0,0,0,0.64,0.64,1,0,0.3,0.3,natural_gas_fired_combined_cycle_11,0,0,0,89,2,0,1,6,3.65912,0,0,1,0,0
TX,Natural Gas Fired Combined Cycle,Natural Gas Fired Combined Cycle,1026,342,0.9,1,13,6,0,1,1,0,0,0,0,0,0,0,16961.06,NG,9.77,0,0,0,0,0,0,0,0,0,0,0,0,-1,-1,-1,0,0,0,0,0,0,0,0,0.23,0,0,0,0,0.64,0.64,1,0,0.3,0.3,natural_gas_fired_combined_cycle_12,0,0,0,89,2,0,1,6,4.6799,0,0,1,0,0
TX,Natural Gas Fired Combined Cycle,Natural Gas Fired Combined Cycle,7481,680.091,0.9,1,14,6,0,1,1,0,0,0,0,0,0,0,10065.76,NG,7.705,0,0,0,0,0,0,0,0,0,0,0,0,-1,-1,-1,0,0,0,0,0,0,0,0,0.444,0,0,0,0,0.64,0.64,1,0,0.3,0.3,natural_gas_fired_combined_cycle_13,0,0,0,89,2,0,1,6,3.71424,0,0,1,0,0
TX,Natural Gas Fired Combined Cycle,Natural Gas Fired Combined Cycle,824,824,0.9,1,15,6,0,1,1,0,0,0,0,0,0,0,10065.76,NG,9.44,0,0,0,0,0,0,0,0,0,0,0,0,-1,-1,-1,0,0,0,0,0,0,0,0,0.534,0,0,0,0,0.64,0.64,1,0,0.3,0.3,natural_gas_fired_combined_cycle_14,0,0,0,89,2,0,1,6,3.71424,0,0,1,0,0
TX,Natural Gas Fired Combustion Turbine,Natural Gas Fired Combustion Turbine,741,67.364,0.9,1,16,1,0,1,1,0,0,0,0,0,0,0,9995.8,NG,14.312,0,0,0,0,0,0,0,0,0,0,0,0,-1,-1,-1,0,0,0,0,0,0,0,0,0.52,0,0,0,0,1,1,1,0,0.3,0.3,natural_gas_fired_combustion_turbine,0,0,0,116,3.5,0,1,1,5.37526,0,0,1,0,0
TX,Natural Gas Fired Combustion Turbine,Natural Gas Fired Combustion Turbine,1073,57.337,0.9,1,17,1,0,1,1,0,0,0,0,0,0,0,11809.46,NG,9.715,0,0,0,0,0,0,0,0,0,0,0,0,-1,-1,-1,0,0,0,0,0,0,0,0,0.302,0,0,0,0,1,1,1,0,0.3,0.3,natural_gas_fired_combustion_turbine_1,0,0,0,116,3.5,0,1,1,5.37526,0,0,1,0,0
TX,Natural Gas Fired Combustion Turbine,Natural Gas Fired Combustion Turbine,81,81,0.9,1,18,1,0,1,1,0,0,0,0,0,0,0,14360.88,NG,21.342,0,0,0,0,0,0,0,0,0,0,0,0,-1,-1,-1,0,0,0,0,0,0,0,0,0.3,0,0,0,0,1,1,1,0,0.3,0.3,natural_gas_fired_combustion_turbine_2,0,0,0,116,3.5,0,1,1,5.37526,0,0,1,0,0
TX,Natural Gas Fired Combustion Turbine,Natural Gas Fired Combustion Turbine,180,45,0.9,1,19,1,0,1,1,0,0,0,0,0,0,0,11809.46,NG,13.816,0,0,0,0,0,0,0,0,0,0,0,0,-1,-1,-1,0,0,0,0,0,0,0,0,0.3,0,0,0,0,1,1,1,0,0.3,0.3,natural_gas_fired_combustion_turbine_3,0,0,0,116,3.5,0,1,1,5.37526,0,0,1,0,0
TX,Natural Gas Fired Combustion Turbine,Natural Gas Fired Combustion Turbine,91,30.2,0.9,1,20,1,0,1,1,0,0,0,0,0,0,0,14360.88,NG,11.681,0,0,0,0,0,0,0,0,0,0,0,0,-1,-1,-1,0,0,0,0,0,0,0,0,0.405,0,0,0,0,1,1,1,0,0.3,0.3,natural_gas_fired_combustion_turbine_4,0,0,0,116,3.5,0,1,1,5.37526,0,0,1,0,0
TX,Natural Gas Fired Combustion Turbine,Natural Gas Fired Combustion Turbine,13,13,0.9,1,21,1,0,1,1,0,0,0,0,0,0,0,14360.88,NG,28.359,0,0,0,0,0,0,0,0,0,0,0,0,-1,-1,-1,0,0,0,0,0,0,0,0,0.231,0,0,0,0,1,1,1,0,0.3,0.3,natural_gas_fired_combustion_turbine_5,0,0,0,116,3.5,0,1,1,5.37526,0,0,1,0,0
TX,Natural Gas Fired Combustion Turbine,Natural Gas Fired Combustion Turbine,354,39.278,0.9,1,22,1,0,1,1,0,0,0,0,0,0,0,14360.88,NG,13.117,0,0,0,0,0,0,0,0,0,0,0,0,-1,-1,-1,0,0,0,0,0,0,0,0,0.28,0,0,0,0,1,1,1,0,0.3,0.3,natural_gas_fired_combustion_turbine_6,0,0,0,116,3.5,0,1,1,5.37526,0,0,1,0,0
TX,Natural Gas Fired Combustion Turbine,Natural Gas Fired Combustion Turbine,557,46.417,0.9,1,23,1,0,1,1,0,0,0,0,0,0,0,11809.46,NG,10.777,0,0,0,0,0,0,0,0,0,0,0,0,-1,-1,-1,0,0,0,0,0,0,0,0,0.381,0,0,0,0,1,1,1,0,0.3,0.3,natural_gas_fired_combustion_turbine_7,0,0,0,116,3.5,0,1,1,5.37526,0,0,1,0,0
TX,Natural Gas Fired Combustion Turbine,Natural Gas Fired Combustion Turbine,1539,85.5,0.9,1,24,1,0,1,1,0,0,0,0,0,0,0,9995.8,NG,13.112,0,0,0,0,0,0,0,0,0,0,0,0,-1,-1,-1,0,0,0,0,0,0,0,0,0.737,0,0,0,0,1,1,1,0,0.3,0.3,natural_gas_fired_combustion_turbine_8,0,0,0,116,3.5,0,1,1,5.37526,0,0,1,0,0
TX,Natural Gas Fired Combustion Turbine,Natural Gas Fired Combustion Turbine,846,65.077,0.9,1,25,1,0,1,1,0,0,0,0,0,0,0,9995.8,NG,15.352,0,0,0,0,0,0,0,0,0,0,0,0,-1,-1,-1,0,0,0,0,0,0,0,0,0.512,0,0,0,0,1,1,1,0,0.3,0.3,natural_gas_fired_combustion_turbine_9,0,0,0,116,3.5,0,1,1,5.37526,0,0,1,0,0
TX,Natural Gas Fired Combustion Turbine,Natural Gas Fired Combustion Turbine,336,168,0.9,1,26,1,0,1,1,0,0,0,0,0,0,0,9995.8,NG,11.242,0,0,0,0,0,0,0,0,0,0,0,0,-1,-1,-1,0,0,0,0,0,0,0,0,0.446,0,0,0,0,1,1,1,0,0.3,0.3,natural_gas_fired_combustion_turbine_10,0,0,0,116,3.5,0,1,1,5.37526,0,0,1,0,0
TX,Natural Gas Fired Combustion Turbine,Natural Gas Fired Combustion Turbine,208,104,0.9,1,27,1,0,1,1,0,0,0,0,0,0,0,11809.46,NG,15.215,0,0,0,0,0,0,0,0,0,0,0,0,-1,-1,-1,0,0,0,0,0,0,0,0,0.337,0,0,0,0,1,1,1,0,0.3,0.3,natural_gas_fired_combustion_turbine_11,0,0,0,116,3.5,0,1,1,5.37526,0,0,1,0,0
TX,Natural Gas Fired Combustion Turbine,Natural Gas Fired Combustion Turbine,547,49.727,0.9,1,28,1,0,1,1,0,0,0,0,0,0,0,11809.46,NG,13.134,0,0,0,0,0,0,0,0,0,0,0,0,-1,-1,-1,0,0,0,0,0,0,0,0,0.411,0,0,0,0,1,1,1,0,0.3,0.3,natural_gas_fired_combustion_turbine_12,0,0,0,116,3.5,0,1,1,5.37526,0,0,1,0,0
TX,Natural Gas Fired Combustion Turbine,Natural Gas Fired Combustion Turbine,41,41,0.9,1,29,1,0,1,1,0,0,0,0,0,0,0,14360.88,NG,19.013,0,0,0,0,0,0,0,0,0,0,0,0,-1,-1,-1,0,0,0,0,0,0,0,0,0.634,0,0,0,0,1,1,1,0,0.3,0.3,natural_gas_fired_combustion_turbine_13,0,0,0,116,3.5,0,1,1,5.37526,0,0,1,0,0
TX,Natural Gas Fired Combustion Turbine,Natural Gas Fired Combustion Turbine,276,46.033,0.9,1,30,1,0,1,1,0,0,0,0,0,0,0,14360.88,NG,10.642,0,0,0,0,0,0,0,0,0,0,0,0,-1,-1,-1,0,0,0,0,0,0,0,0,0.55,0,0,0,0,1,1,1,0,0.3,0.3,natural_gas_fired_combustion_turbine_14,0,0,0,116,3.5,0,1,1,5.37526,0,0,1,0,0
TX,Natural Gas Fired Combustion Turbine,Natural Gas Fired Combustion Turbine,84,84,0.9,1,31,1,0,1,1,0,0,0,0,0,0,0,14360.88,NG,14.648,0,0,0,0,0,0,0,0,0,0,0,0,-1,-1,-1,0,0,0,0,0,0,0,0,0.3,0,0,0,0,1,1,1,0,0.3,0.3,natural_gas_fired_combustion_turbine_15,0,0,0,116,3.5,0,1,1,5.37526,0,0,1,0,0
TX,Natural Gas Steam Turbine,Natural Gas Steam Turbine,825,412.5,0.9,1,32,24,0,0,0,0,0,0,0,0,0,0,27504.88,NG,12.444,0,0,0,0,0,0,0,0,0,0,0,0,-1,-1,-1,0,0,0,0,0,0,0,0,0.145,0,0,0,0,0.57,0.57,0,0,0.3,0.3,natural_gas_steam_turbine,0,0,0,85,13.7,0,1,24,1.08544,0,0,1,0,0
TX,Natural Gas Steam Turbine,Natural Gas Steam Turbine,521,173.733,0.9,1,33,24,0,0,0,0,0,0,0,0,0,0,52762.56,NG,12.913,0,0,0,0,0,0,0,0,0,0,0,0,-1,-1,-1,0,0,0,0,0,0,0,0,0.261,0,0,0,0,0.57,0.57,0,0,0.3,0.3,natural_gas_steam_turbine_1,0,0,0,85,13.7,0,1,24,1.08544,0,0,1,0,0
TX,Natural Gas Steam Turbine,Natural Gas Steam Turbine,18,17.5,0.9,1,34,24,0,0,0,0,0,0,0,0,0,0,52762.56,NG,19.384,0,0,0,0,0,0,0,0,0,0,0,0,-1,-1,-1,0,0,0,0,0,0,0,0,0.571,0,0,0,0,0.57,0.57,0,0,0.3,0.3,natural_gas_steam_turbine_2,0,0,0,85,13.7,0,1,24,1.08544,0,0,1,0,0
TX,Natural Gas Steam Turbine,Natural Gas Steam Turbine,1326,331.5,0.9,1,35,24,0,0,0,0,0,0,0,0,0,0,32087.26,NG,12.286,0,0,0,0,0,0,0,0,0,0,0,0,-1,-1,-1,0,0,0,0,0,0,0,0,0.185,0,0,0,0,0.57,0.57,0,0,0.3,0.3,natural_gas_steam_turbine_3,0,0,0,85,13.7,0,1,24,1.08544,0,0,1,0,0
TX,Natural Gas Steam Turbine,Natural Gas Steam Turbine,167,167,0.9,1,36,24,0,0,0,0,0,0,0,0,0,0,32087.26,NG,15.51,0,0,0,0,0,0,0,0,0,0,0,0,-1,-1,-1,0,0,0,0,0,0,0,0,0.12,0,0,0,0,0.57,0.57,0,0,0.3,0.3,natural_gas_steam_turbine_4,0,0,0,85,13.7,0,1,24,1.08544,0,0,1,0,0
TX,Natural Gas Steam Turbine,Natural Gas Steam Turbine,171,85.5,0.9,1,37,24,0,0,0,0,0,0,0,0,0,0,52762.56,NG,15.396,0,0,0,0,0,0,0,0,0,0,0,0,-1,-1,-1,0,0,0,0,0,0,0,0,0.129,0,0,0,0,0.57,0.57,0,0,0.3,0.3,natural_gas_steam_turbine_5,0,0,0,85,13.7,0,1,24,1.08544,0,0,1,0,0
TX,Natural Gas Steam Turbine,Natural Gas Steam Turbine,2160,360,0.9,1,38,24,0,0,0,0,0,0,0,0,0,0,32087.26,NG,11.507,0,0,0,0,0,0,0,0,0,0,0,0,-1,-1,-1,0,0,0,0,0,0,0,0,0.143,0,0,0,0,0.57,0.57,0,0,0.3,0.3,natural_gas_steam_turbine_6,0,0,0,85,13.7,0,1,24,1.08544,0,0,1,0,0
TX,Natural Gas Steam Turbine,Natural Gas Steam Turbine,1265,421.667,0.9,1,39,24,0,0,0,0,0,0,0,0,0,0,27504.88,NG,13.737,0,0,0,0,0,0,0,0,0,0,0,0,-1,-1,-1,0,0,0,0,0,0,0,0,0.229,0,0,0,0,0.57,0.57,0,0,0.3,0.3,natural_gas_steam_turbine_7,0,0,0,85,13.7,0,1,24,1.08544,0,0,1,0,0
TX,Natural Gas Steam Turbine,Natural Gas Steam Turbine,844,140.667,0.9,1,40,24,0,0,0,0,0,0,0,0,0,0,52762.56,NG,12.424,0,0,0,0,0,0,0,0,0,0,0,0,-1,-1,-1,0,0,0,0,0,0,0,0,0.161,0,0,0,0,0.57,0.57,0,0,0.3,0.3,natural_gas_steam_turbine_8,0,0,0,85,13.7,0,1,24,1.08544,0,0,1,0,0
TX,Natural Gas Steam Turbine,Natural Gas Steam Turbine,421,747.5,0.9,1,41,24,0,0,0,0,0,0,0,0,0,0,27504.88,NG,11.252,0,0,0,0,0,0,0,0,0,0,0,0,-1,-1,-1,0,0,0,0,0,0,0,0,0.087,0,0,0,0,0.57,0.57,0,0,0.3,0.3,natural_gas_steam_turbine_9,0,0,0,85,13.7,0,1,24,1.08544,0,0,1,0,0
TX,Natural Gas Steam Turbine,Natural Gas Steam Turbine,248,82.667,0.9,1,42,24,0,0,0,0,0,0,0,0,0,0,52762.56,NG,13.723,0,0,0,0,0,0,0,0,0,0,0,0,-1,-1,-1,0,0,0,0,0,0,0,0,0.202,0,0,0,0,0.57,0.57,0,0,0.3,0.3,natural_gas_steam_turbine_10,0,0,0,85,13.7,0,1,24,1.08544,0,0,1,0,0
TX,Natural Gas Steam Turbine,Natural Gas Steam Turbine,392,392,0.9,1,43,24,0,0,0,0,0,0,0,0,0,0,32087.26,NG,13.82,0,0,0,0,0,0,0,0,0,0,0,0,-1,-1,-1,0,0,0,0,0,0,0,0,0.143,0,0,0,0,0.57,0.57,0,0,0.3,0.3,natural_gas_steam_turbine_11,0,0,0,85,13.7,0,1,24,1.08544,0,0,1,0,0
TX,Natural Gas Steam Turbine,Natural Gas Steam Turbine,61,61,0.9,1,44,24,0,0,0,0,0,0,0,0,0,0,52762.56,NG,14.753,0,0,0,0,0,0,0,0,0,0,0,0,-1,-1,-1,0,0,0,0,0,0,0,0,0.164,0,0,0,0,0.57,0.57,0,0,0.3,0.3,natural_gas_steam_turbine_12,0,0,0,85,13.7,0,1,24,1.08544,0,0,1,0,0
TX,Natural Gas Steam Turbine,Natural Gas Steam Turbine,1461,365.25,0.9,1,45,24,0,0,0,0,0,0,0,0,0,0,32087.26,NG,11.781,0,0,0,0,0,0,0,0,0,0,0,0,-1,-1,-1,0,0,0,0,0,0,0,0,0.107,0,0,0,0,0.57,0.57,0,0,0.3,0.3,natural_gas_steam_turbine_13,0,0,0,85,13.7,0,1,24,1.08544,0,0,1,0,0
TX,Natural Gas Steam Turbine,Natural Gas Steam Turbine,430,215,0.9,1,46,24,0,0,0,0,0,0,0,0,0,0,52762.56,NG,12.02,0,0,0,0,0,0,0,0,0,0,0,0,-1,-1,-1,0,0,0,0,0,0,0,0,0.228,0,0,0,0,0.57,0.57,0,0,0.3,0.3,natural_gas_steam_turbine_14,0,0,0,85,13.7,0,1,24,1.08544,0,0,1,0,0
TX,Natural Gas Steam Turbine,Natural Gas Steam Turbine,169,169,0.9,1,47,24,0,0,0,0,0,0,0,0,0,0,27504.88,NG,12.17,0,0,0,0,0,0,0,0,0,0,0,0,-1,-1,-1,0,0,0,0,0,0,0,0,0.178,0,0,0,0,0.57,0.57,0,0,0.3,0.3,natural_gas_steam_turbine_15,0,0,0,85,13.7,0,1,24,1.08544,0,0,1,0,0
TX,Natural Gas Steam Turbine,Natural Gas Steam Turbine,169,169,0.9,1,48,24,0,0,0,0,0,0,0,0,0,0,27504.88,NG,14.002,0,0,0,0,0,0,0,0,0,0,0,0,-1,-1,-1,0,0,0,0,0,0,0,0,0.178,0,0,0,0,0.57,0.57,0,0,0.3,0.3,natural_gas_steam_turbine_16,0,0,0,85,13.7,0,1,24,1.08544,0,0,1,0,0
TX,Natural Gas Steam Turbine,Natural Gas Steam Turbine,122,122,0.9,1,49,24,0,0,0,0,0,0,0,0,0,0,32087.26,NG,15.121,0,0,0,0,0,0,0,0,0,0,0,0,-1,-1,-1,0,0,0,0,0,0,0,0,0.123,0,0,0,0,0.57,0.57,0,0,0.3,0.3,natural_gas_steam_turbine_17,0,0,0,85,13.7,0,1,24,1.08544,0,0,1,0,0
TX,Nuclear,Nuclear,2520,1280,0.9,1,1,24,0,1,1,0,0,0,0,0,0,0,198773.32,uranium,10.455,0,0,0,0,0,0,0,0,0,0,0,0,-1,-1,-1,0,0,0,0,0,0,0,0,1,1,-1,0,0,0.25,0.25,1,0,0,0,nuclear,0,0,0,240,0,0,0,24,2.49312,0,0,1,0,0
TX,Nuclear,Nuclear,2460,1230,0.9,1,2,24,0,1,1,0,0,0,0,0,0,0,198773.32,uranium,10.455,0,0,0,0,0,0,0,0,0,0,0,0,-1,-1,-1,0,0,0,0,0,0,0,0,0.9,1,-1,0,0,0.25,0.25,1,0,0,0,nuclear_1,0,0,0,240,0,0,0,24,2.49312,0,0,1,0,0
TX,Onshore Wind Turbine,Onshore Wind Turbine,34061,177.571,0,0,1,0,0,1,1,0,0,0,0,0,0,0,44100,None,9.144,0,0,0,0,0,57807,0,1,0,0,0,0,-1,-1,-1,0,0,0,0,0,0,0,0,0.032,0,-1,1,0,1,1,1,0,0,0,onshore_wind_turbine,0,0,0,0,0,0,0,0,0,0,1,1,0,0
TX,Onshore Wind Turbine,Onshore Wind Turbine,0,177.571,0,0,2,0,0,1,1,0,0,0,0,0,0,0,44100,None,9.144,0,0,0,0,0,57807,0,1,0,0,0,0,-1,-1,-1,0,0,0,0,0,0,0,0,0.032,0,1,1,0,1,1,1,0,0,0,onshore_wind_turbine_exp,0,0,0,0,0,0,0,0,0,0,1,1,0,0
TX_W,Onshore Wind Turbine,Onshore Wind Turbine,0,177.571,0,0,2,0,0,1,1,1,0,0,0,0,0,0,44100,None,9.144,0,0,0,0,0,57807,0,1,0,0,0,0,-1,-1,-1,0,0,0,0,0,0,0,0,0.032,0,1,1,0,1,1,1,0,0,0,onshore_wind_turbine_ppa_1,0,0,0,0,0,0,0,0,0,0,1,1,0,0
TX_FW,Onshore Wind Turbine,Onshore Wind Turbine,0,177.571,0,0,2,0,0,1,1,0,1,0,0,0,0,0,44100,None,9.144,0,0,0,0,0,57807,0,1,0,0,0,0,-1,-1,-1,0,0,0,0,0,0,0,0,0.032,0,1,1,0,1,1,1,0,0,0,onshore_wind_turbine_ppa_2,0,0,0,0,0,0,0,0,0,0,1,1,0,0
TX_NC,Onshore Wind Turbine,Onshore Wind Turbine,0,177.571,0,0,2,0,0,1,1,0,0,1,0,0,0,0,44100,None,9.144,0,0,0,0,0,57807,0,1,0,0,0,0,-1,-1,-1,0,0,0,0,0,0,0,0,0.032,0,1,1,0,1,1,1,0,0,0,onshore_wind_turbine_ppa_3,0,0,0,0,0,0,0,0,0,0,1,1,0,0
TX,Small Hydroelectric,Small Hydroelectric,16,0.829,0,0,1,0,0,1,1,0,0,0,0,0,0,0,48386.88,None,9.104,0,0,0,0,0,0,0,0,0,0,0,0,-1,-1,-1,0,0,0,0,0,0,0,0,0.517,0,-1,0,0,1,1,1,0,0,0,small_hydroelectric,0,0,0,0,0,0,0,0,0,0,0,1,0,0
TX,Solar Photovoltaic,Solar Photovoltaic,9147,110.241,0,0,1,0,0,1,1,0,0,0,0,0,0,0,21000,None,9.2,0,0,0,0,0,47606,0,0,0,0,0,0,-1,-1,-1,0,0,0,0,0,0,0,0,0,0,-1,1,0,1,1,1,0,0,0,solar_photovoltaic,0,0,0,0,0,0,0,0,0,0,1,1,0,0
TX,Solar Photovoltaic,Solar Photovoltaic,0,110.241,0,0,2,0,0,1,1,0,0,0,0,0,0,0,21000,None,9.2,0,0,0,0,0,47606,0,0,0,0,0,0,-1,-1,-1,0,0,0,0,0,0,0,0,0,0,1,1,0,1,1,1,0,0,0,solar_photovoltaic_exp,0,0,0,0,0,0,0,0,0,0,1,1,0,0
TX_W,Solar Photovoltaic,Solar Photovoltaic,0,110.241,0,0,2,0,0,1,1,1,0,0,0,0,0,0,21000,None,9.2,0,0,0,0,0,47606,0,0,0,0,0,0,-1,-1,-1,0,0,0,0,0,0,0,0,0,0,1,1,0,1,1,1,0,0,0,solar_photovoltaic_ppa_1,0,0,0,0,0,0,0,0,0,0,1,1,0,0
TX_FW,Solar Photovoltaic,Solar Photovoltaic,0,110.241,0,0,2,0,0,1,1,0,1,0,0,0,0,0,21000,None,9.2,0,0,0,0,0,47606,0,0,0,0,0,0,-1,-1,-1,0,0,0,0,0,0,0,0,0,0,1,1,0,1,1,1,0,0,0,solar_photovoltaic_ppa_2,0,0,0,0,0,0,0,0,0,0,1,1,0,0
TX_NC,Solar Photovoltaic,Solar Photovoltaic,0,110.241,0,0,2,0,0,1,1,0,0,1,0,0,0,0,21000,None,9.2,0,0,0,0,0,47606,0,0,0,0,0,0,-1,-1,-1,0,0,0,0,0,0,0,0,0,0,1,1,0,1,1,1,0,0,0,solar_photovoltaic_ppa_3,0,0,0,0,0,0,0,0,0,0,1,1,0,0
TX,Battery,Battery,726,0,0,0,1,0,0,0.92,0.92,0,0,0,2904,0,0,0,6379,None,0,0,0,0,0,18642,16064,0,0,0,0,0,0,-1,-1,-1,4,0,0,0,4,0,0,0,0,0,-1,0,0,1,1,1,0,0,0,Battery,0,0,2.00E-05,0,0,1,0,1,1,1,0,1,0,0
TX,Battery,Battery,0,0,0,0,2,0,0,0.92,0.92,0,0,0,0,0,0,0,6379,None,0,0,0,0,0,18642,16064,0,0,0,0,0,0,-1,-1,-1,4,0,0,0,4,0,0,0,0,0,1,0,0,1,1,1,0,0,0,Battery_exp,0,0,2.00E-05,0,0,1,0,1,1,1,0,1,0,0
TX_W,Battery,Battery,0,0,0,0,1,0,0,0.92,0.92,1,0,0,0,0,0,0,6379,None,0,0,0,0,0,18642,16064,0,0,0,0,0,0,-1,-1,-1,4,0,0,0,4,0,0,0,0,0,1,0,0,1,1,1,0,0,0,Battery_ppa_1,0,0,2.00E-05,0,0,1,0,1,1,1,0,1,0,0
TX_FW,Battery,Battery,0,0,0,0,2,0,0,0.92,0.92,0,1,0,0,0,0,0,6379,None,0,0,0,0,0,18642,16064,0,0,0,0,0,0,-1,-1,-1,4,0,0,0,4,0,0,0,0,0,1,0,0,1,1,1,0,0,0,Battery_ppa_2,0,0,2.00E-05,0,0,1,0,1,1,1,0,1,0,0
TX_NC,Battery,Battery,0,0,0,0,3,0,0,0.92,0.92,0,0,1,0,0,0,0,6379,None,0,0,0,0,0,18642,16064,0,0,0,0,0,0,-1,-1,-1,4,0,0,0,4,0,0,0,0,0,1,0,0,1,1,1,0,0,0,Battery_ppa_3,0,0,2.00E-05,0,0,1,0,1,1,1,0,1,0,0
TX_W,Flexible Demand,Flexible Demand,0,0,0,0,3,0,0,0,0,1,0,0,0,0,0,0,0,None,0,0,0,0,0,0,0,0,0,0,0,0,0,-1,-1,-1,0,0,0,0,0,0,24,1,0,0,-1,0,0,1,1,0,0,0,0,Flexible_demand_1,0,0,0.00E+00,0,0,0,0,0,0,0,0,1,1,0
TX_FW,Flexible Demand,Flexible Demand,0,0,0,0,3,0,0,0,0,0,1,0,0,0,0,0,0,None,0,0,0,0,0,0,0,0,0,0,0,0,0,-1,-1,-1,0,0,0,0,0,0,24,1,0,0,-1,0,0,1,1,0,0,0,0,Flexible_demand_2,0,0,0.00E+00,0,0,0,0,0,0,0,0,1,1,0
TX_NC,Flexible Demand,Flexible Demand,0,0,0,0,3,0,0,0,0,0,0,1,0,0,0,0,0,None,0,0,0,0,0,0,0,0,0,0,0,0,0,-1,-1,-1,0,0,0,0,0,0,24,1,0,0,-1,0,0,1,1,0,0,0,0,Flexible_demand_3,0,0,0.00E+00,0,0,0,0,0,0,0,0,1,1,0
TX_W,Coal Retrofit,Thermal_Storage,0,0,0,0,1,0,0,0.95,0.35,1,0,0,0,0,0,0,6379,None,0,0,0,0,382,15642,152419,0,0,0,0,0,0,-1,-1,-1,10,0,0,0,0,0,0,0,0,0,-1,0,0,0.57,0.57,1,0,0,0,Coal_retrofit_1,0,0,0,0,0,2,0,1,1,1,0,1,0,1
TX_W,Coal Retrofit,Thermal_Storage,0,0,0,0,2,0,0,0.95,0.35,1,0,0,0,0,0,0,6379,None,0,0,0,0,247,10110,98509,0,0,0,0,0,0,-1,-1,-1,10,0,0,0,0,0,0,0,0,0,-1,0,0,0.57,0.57,1,0,0,0,Coal_retrofit_2,0,0,0,0,0,2,0,1,1,1,0,1,0,1
TX_W,Coal Retrofit,Thermal_Storage,0,0,0,0,3,0,0,0.95,0.35,1,0,0,0,0,0,0,6379,None,0,0,0,0,120,4921,47950,0,0,0,0,0,0,-1,-1,-1,10,0,0,0,0,0,0,0,0,0,-1,0,0,0.57,0.57,1,0,0,0,Coal_retrofit_3,0,0,0,0,0,2,0,1,1,1,0,1,0,1
TX_FW,Coal Retrofit,Thermal_Storage,0,0,0,0,4,0,0,0.95,0.35,0,1,0,0,0,0,0,6379,None,0,0,0,0,721,29549,287918,0,0,0,0,0,0,-1,-1,-1,10,0,0,0,0,0,0,0,0,0,-1,0,0,0.57,0.57,1,0,0,0,Coal_retrofit_4,0,0,0,0,0,2,0,1,1,1,0,1,0,1
TX_FW,Coal Retrofit,Thermal_Storage,0,0,0,0,5,0,0,0.95,0.35,0,1,0,0,0,0,0,6379,None,0,0,0,0,551,22590,220117,0,0,0,0,0,0,-1,-1,-1,10,0,0,0,0,0,0,0,0,0,-1,0,0,0.57,0.57,1,0,0,0,Coal_retrofit_5,0,0,0,0,0,2,0,1,1,1,0,1,0,1
TX_FW,Coal Retrofit,Thermal_Storage,0,0,0,0,6,0,0,0.95,0.35,0,1,0,0,0,0,0,6379,None,0,0,0,0,297,12179,118674,0,0,0,0,0,0,-1,-1,-1,10,0,0,0,0,0,0,0,0,0,-1,0,0,0.57,0.57,1,0,0,0,Coal_retrofit_6,0,0,0,0,0,2,0,1,1,1,0,1,0,1
TX_FW,Coal Retrofit,Thermal_Storage,0,0,0,0,7,0,0,0.95,0.35,0,1,0,0,0,0,0,6379,None,0,0,0,0,269,11028,107460,0,0,0,0,0,0,-1,-1,-1,10,0,0,0,0,0,0,0,0,0,-1,0,0,0.57,0.57,1,0,0,0,Coal_retrofit_7,0,0,0,0,0,2,0,1,1,1,0,1,0,1
TX_FW,Coal Retrofit,Thermal_Storage,0,0,0,0,8,0,0,0.95,0.35,0,1,0,0,0,0,0,6379,None,0,0,0,0,120,4921,47950,0,0,0,0,0,0,-1,-1,-1,10,0,0,0,0,0,0,0,0,0,-1,0,0,0.57,0.57,1,0,0,0,Coal_retrofit_8,0,0,0,0,0,2,0,1,1,1,0,1,0,1
TX_FW,Coal Retrofit,Thermal_Storage,0,0,0,0,9,0,0,0.95,0.35,0,1,0,0,0,0,0,6379,None,0,0,0,0,118,4828,47045,0,0,0,0,0,0,-1,-1,-1,10,0,0,0,0,0,0,0,0,0,-1,0,0,0.57,0.57,1,0,0,0,Coal_retrofit_9,0,0,0,0,0,2,0,1,1,1,0,1,0,1
TX_NC,Coal Retrofit,Thermal_Storage,0,0,0,0,10,0,0,0.95,0.35,0,0,1,0,0,0,0,6379,None,0,0,0,0,449,18419,179477,0,0,0,0,0,0,-1,-1,-1,10,0,0,0,0,0,0,0,0,0,-1,0,0,0.57,0.57,1,0,0,0,Coal_retrofit_10,0,0,0,0,0,2,0,1,1,1,0,1,0,1
TX_W,Coal Retrofit,Thermal_Storage,0,0,0,0,11,0,0,0.95,0.35,1,0,0,0,0,0,0,6379,None,0,0,0,0,449,18419,179477,0,0,0,0,0,0,-1,-1,-1,10,0,0,0,0,0,0,0,0,0,-1,0,0,0.57,0.57,1,0,0,0,Coal_retrofit_11,0,0,0,0,0,2,0,1,1,1,0,1,0,1
TX_FW,Coal Retrofit,Thermal_Storage,0,0,0,0,12,0,0,0.95,0.35,0,1,0,0,0,0,0,6379,None,0,0,0,0,114,4662,45427,0,0,0,0,0,0,-1,-1,-1,10,0,0,0,0,0,0,0,0,0,-1,0,0,0.57,0.57,1,0,0,0,Coal_retrofit_12,0,0,0,0,0,2,0,1,1,1,0,1,0,1